{
  "id": "csb-remasters",
  "title": "CSB-Remasters",
  "version": "2.0.2",
  "compatibility": {
    "minimum": "11",
    "verified": "12"
  },
  "relationships": {
    "systems": [
      {
        "id": "custom-system-builder",
        "type": "system",
        "manifest": "https://gitlab.com/custom-system-builder/custom-system-builder/-/releases/permalink/latest/downloads/system.json",
        "compatibility": {
          "verified": "4.4.2"
        }
      },
      {
        "id": "custom-system-builder-unstable",
        "type": "system",
        "compatibility": {}
      },
      {
        "id": "custom-system-builder-beta",
        "type": "system",
        "compatibility": {}
      }
    ],
    "requires": [
      {
        "id": "statuscounter",
        "type": "module",
        "compatibility": {}
      }
    ]
  },
  "description": "Um módulo feito para utilizar o sistema do Remasters no Foundry utilizando o CSB",
  "authors": [
    {
      "name": "Yume Fernandes",
      "discord": "yume_fernandes",
      "flags": {}
    }
  ],
  "esmodules": [
    "setup.js"
  ],
  "packs": [
    {
      "name": "scripts",
      "label": "scripts",
      "path": "packs/scripts",
      "type": "Macro",
      "system": "custom-system-builder",
      "ownership": {
        "PLAYER": "OBSERVER",
        "ASSISTANT": "OWNER"
      }
    },
    {
      "name": "vantagens",
      "label": "Vantagens",
      "path": "packs/vantagens",
      "type": "Item",
      "system": "custom-system-builder",
      "ownership": {
        "PLAYER": "OBSERVER",
        "ASSISTANT": "OWNER"
      }
    },
    {
      "name": "items",
      "label": "items",
      "path": "packs/items",
      "type": "Item",
      "system": "custom-system-builder",
      "ownership": {
        "PLAYER": "OBSERVER",
        "ASSISTANT": "OWNER"
      }
    },
    {
      "name": "acoes",
      "label": "Ações",
      "path": "packs/acoes",
      "type": "Item",
      "system": "custom-system-builder",
      "ownership": {
        "PLAYER": "OBSERVER",
        "ASSISTANT": "OWNER"
      }
    },
    {
      "name": "regras",
      "label": "Regras",
      "path": "packs/regras",
      "type": "JournalEntry",
      "system": "custom-system-builder",
      "ownership": {
        "PLAYER": "OBSERVER",
        "ASSISTANT": "OWNER"
      }
    },
    {
      "name": "templates-de-item",
      "label": "Templates De Item",
      "path": "packs/templates-de-item",
      "type": "Adventure",
      "system": "custom-system-builder",
      "ownership": {
        "PLAYER": "OBSERVER",
        "ASSISTANT": "OWNER"
      }
    },
    {
      "name": "inimigos",
      "label": "Inimigos",
      "path": "packs/inimigos",
      "type": "Actor",
      "system": "custom-system-builder",
      "ownership": {
        "PLAYER": "OBSERVER",
        "ASSISTANT": "OWNER"
      }
    }
  ],
  "url": "https://github.com/Dehrangerz9/csb-remasters",
  "manifest": "https://raw.githubusercontent.com/Dehrangerz9/csb-remasters/main/module.json",
  "download": "https://github.com/Dehrangerz9/csb-remasters/releases/latest/download/csb-remasters.zip"
}